0,1
../Datasets/images/image_109.jpg,ब४ख७४५१
../Datasets/images/image_312.jpg,ग१४प३१७
../Datasets/images/image_180.jpg,न४ख७६३७
../Datasets/images/image_216.jpg,ब८७प२३४८
../Datasets/images/image_90.jpg,न६ख४०५७
../Datasets/images/image_536.jpg,न८प९८१५
../Datasets/images/image_375.jpg,ग१ख४५६२
../Datasets/images/image_132.jpg,ग१०प२८६४
../Datasets/images/image_103.jpg,परदश३०१०२४च१४०८
../Datasets/images/image_558.jpg,ब३४प४२१४
../Datasets/images/image_565.jpg,ब२१व८१९५
../Datasets/images/image_214.jpg,ब८च९०३६
../Datasets/images/image_123.jpg,नपक३६४०
../Datasets/images/image_348.jpg,ग१४प७९६१
../Datasets/images/image_489.jpg,ब४१प३४५६
../Datasets/images/image_224.jpg,न६ख७०३०
../Datasets/images/image_496.jpg,ग२व१८९०
../Datasets/images/image_26.jpg,न५ख९७३८
../Datasets/images/image_292.jpg,ग१ख३१७१
../Datasets/images/image_402.jpg,न५ख५९०७
../Datasets/images/image_114.jpg,न४९प३०३४
../Datasets/images/image_81.jpg,न४च९३९
../Datasets/images/image_530.jpg,ब६३प९४९६
../Datasets/images/image_474.jpg,न८ख५३६६
../Datasets/images/image_178.jpg,न४६प१३४२
../Datasets/images/image_2.jpg,न४च८३९०
../Datasets/images/image_139.jpg,ब२ख३६८२
../Datasets/images/image_149.jpg,न५ख९१९१
../Datasets/images/image_79.jpg,न२ख८२९५
../Datasets/images/image_253.jpg,ग१ज४१६२
../Datasets/images/image_141.jpg,ग११प९२७४
../Datasets/images/image_583.jpg,ब१९च४८४०
../Datasets/images/image_129.jpg,न३च५२३४
../Datasets/images/image_252.jpg,ग३च२२८९
../Datasets/images/image_97.jpg,न२३प२०६६
../Datasets/images/image_302.jpg,न५च१५१
../Datasets/images/image_320.jpg,ग३च२०८
../Datasets/images/image_280.jpg,ब३ख८६८२
../Datasets/images/image_473.jpg,ब८९प५५४०
../Datasets/images/image_205.jpg,ग१२प२४१४
../Datasets/images/image_535.jpg,परदश३०१०२४व५७०९
../Datasets/images/image_304.jpg,ब७च३०६२
../Datasets/images/image_487.jpg,ग२०प८०४
../Datasets/images/image_10.jpg,न२च९८९७
../Datasets/images/image_443.jpg,ब६८प८९९८
../Datasets/images/image_495.jpg,बगमतपरदश०३०२०प०७२७
../Datasets/images/image_479.jpg,ग१ख४५३५
../Datasets/images/image_397.jpg,ग२च६९८१
../Datasets/images/image_264.jpg,न४३प३९१६
../Datasets/images/image_287.jpg,ग३च३२४५
../Datasets/images/image_539.jpg,ग१ज२४८२
../Datasets/images/image_544.jpg,ब१२च९४२०
../Datasets/images/image_598.jpg,ग१९प८६३०
../Datasets/images/image_210.jpg,ग३च७७४
../Datasets/images/image_305.jpg,ब२ख७१३८
../Datasets/images/image_528.jpg,ग१३प३१७९
../Datasets/images/image_426.jpg,ग२च९४५०
../Datasets/images/image_84.jpg,परदश०३००००६५९३
../Datasets/images/image_303.jpg,ग२च४४१७
../Datasets/images/image_261.jpg,न२९प५१९२
../Datasets/images/image_37.jpg,ब१०च९०८१
../Datasets/images/image_460.jpg,ब२०च१०२६
../Datasets/images/image_333.jpg,ग३च१७२७
../Datasets/images/image_246.jpg,ग३च२८१४
../Datasets/images/image_249.jpg,ब१ज८८४९
../Datasets/images/image_311.jpg,ग१क३९२५
../Datasets/images/image_255.jpg,ग१८प४५२७
../Datasets/images/image_488.jpg,ग१ख७१४५
../Datasets/images/image_31.jpg,न७ख८०४
../Datasets/images/image_429.jpg,पर२०३००१च३२९३
../Datasets/images/image_68.jpg,ग३च३४७६
../Datasets/images/image_557.jpg,पर३०१०२३व२५६४
../Datasets/images/image_17.jpg,बपर०३०३पर९२८४
../Datasets/images/image_266.jpg,न६५प४८१२
../Datasets/images/image_157.jpg,ब११च१११४
../Datasets/images/image_411.jpg,ब२०च४२८
../Datasets/images/image_284.jpg,ब१प९९१
../Datasets/images/image_231.jpg,ब२झ४४७९
../Datasets/images/image_449.jpg,ग१ख९१८७
../Datasets/images/image_73.jpg,ब१३च९०९१
../Datasets/images/image_523.jpg,न६ख४०४१
../Datasets/images/image_219.jpg,ब४ख२९७०
../Datasets/images/image_46.jpg,ब२१च२३०६
../Datasets/images/image_342.jpg,क२७प३३९
../Datasets/images/image_341.jpg,ग१ज२०००
../Datasets/images/image_403.jpg,ग२च३४१८
../Datasets/images/image_415.jpg,ग२०प२५५९
../Datasets/images/image_165.jpg,न३६११२८७
../Datasets/images/image_431.jpg,न६ख७७२२
../Datasets/images/image_48.jpg,न६ख६७८
../Datasets/images/image_507.jpg,ग१ख५०४१
../Datasets/images/image_234.jpg,पर०२०३००१२३०५८
../Datasets/images/image_343.jpg,ग१७प६२८७
../Datasets/images/image_435.jpg,ग१ग१६६८
../Datasets/images/image_233.jpg,ल१क१७५४
../Datasets/images/image_472.jpg,ब०१५च६०३४
../Datasets/images/image_273.jpg,ल६६६३५८२
../Datasets/images/image_29.jpg,ग१२प३३५८
../Datasets/images/image_379.jpg,परदश३०१०२२व१०७५
../Datasets/images/image_447.jpg,ग३च१३३३
../Datasets/images/image_478.jpg,क१च९६७२
../Datasets/images/image_490.jpg,ग१ख३१९२
../Datasets/images/image_206.jpg,ग२च७६७५
../Datasets/images/image_442.jpg,ब९९प६८६४
../Datasets/images/image_388.jpg,ग२ख१
../Datasets/images/image_91.jpg,न५ख८५६१
../Datasets/images/image_215.jpg,ल४७प८१८७
../Datasets/images/image_102.jpg,पर३०२०१२०२१६०
../Datasets/images/image_393.jpg,ग१६प६९९
../Datasets/images/image_100.jpg,ग१ज७०५३
../Datasets/images/image_43.jpg,ब१६च५६४८
../Datasets/images/image_563.jpg,ल७प६०१९
../Datasets/images/image_450.jpg,ग२च८१२६
../Datasets/images/image_531.jpg,ग१च९७२१
../Datasets/images/image_437.jpg,न३६प९४०
../Datasets/images/image_72.jpg,न५च२७०८
../Datasets/images/image_534.jpg,ब३७प५४४४
../Datasets/images/image_238.jpg,न५ख६३३४
../Datasets/images/image_5.jpg,ग१ज२३०१
../Datasets/images/image_308.jpg,परदश३०१०२४च४३९७
../Datasets/images/image_130.jpg,ग३च३५७३
../Datasets/images/image_566.jpg,न१६प२६८७
../Datasets/images/image_77.jpg,ब५ख४८५९
../Datasets/images/image_398.jpg,ग२च६९८१
../Datasets/images/image_485.jpg,ब६४प७८१९
../Datasets/images/image_162.jpg,ब१८च१५३६
../Datasets/images/image_340.jpg,न३ख६९२९
../Datasets/images/image_147.jpg,परदश३०३००१प८०४८
../Datasets/images/image_45.jpg,न८ख७१९४
../Datasets/images/image_1.jpg,न६ख२३५३
../Datasets/images/image_572.jpg,न५९प८११४
../Datasets/images/image_204.jpg,ब६३प१५८५
../Datasets/images/image_128.jpg,ग१क४८४६
../Datasets/images/image_137.jpg,ब६च९८६३
../Datasets/images/image_124.jpg,ग१ख७६६५
../Datasets/images/image_384.jpg,न६ख१०४२
../Datasets/images/image_119.jpg,ग१ख७८०७
../Datasets/images/image_594.jpg,ब१६च३१२५
../Datasets/images/image_265.jpg,ग१८प८५३२
../Datasets/images/image_319.jpg,ब६५प३७२८
../Datasets/images/image_568.jpg,ग१८प९२०१
../Datasets/images/image_89.jpg,पर२०३००१ख२४९०
../Datasets/images/image_152.jpg,क१च६९२९
../Datasets/images/image_405.jpg,ब११च४८४०
../Datasets/images/image_75.jpg,न५ख४८८५
../Datasets/images/image_581.jpg,ब३७प२२३१
../Datasets/images/image_121.jpg,ब१२च३००४
../Datasets/images/image_127.jpg,ब९च६४६
../Datasets/images/image_339.jpg,न६ख७४५३
../Datasets/images/image_418.jpg,न५ख३७२३
../Datasets/images/image_381.jpg,ब९२प९४५०
../Datasets/images/image_118.jpg,न३ख८०५०
../Datasets/images/image_417.jpg,ब२०च५७२४
../Datasets/images/image_400.jpg,न७ख४७५५
../Datasets/images/image_306.jpg,ग१७प६३३३
../Datasets/images/image_51.jpg,ब२१च३५२३
../Datasets/images/image_138.jpg,ग१ज५६३२
../Datasets/images/image_448.jpg,ब७८प२८३
../Datasets/images/image_191.jpg,ग२ख१०५
../Datasets/images/image_196.jpg,ग१ख९५६२
../Datasets/images/image_508.jpg,ल२ख५२४६
../Datasets/images/image_582.jpg,ग१२प८३०१
../Datasets/images/image_171.jpg,ब२ख१९९८
../Datasets/images/image_192.jpg,न८ख४४८०
../Datasets/images/image_30.jpg,ब४ख६९४
../Datasets/images/image_409.jpg,ग१ख९७७७
../Datasets/images/image_325.jpg,ब२१च१२१२
../Datasets/images/image_176.jpg,ग१ख४५३५
../Datasets/images/image_501.jpg,ब३ख४६५८
../Datasets/images/image_486.jpg,ग१ख९७८३
../Datasets/images/image_207.jpg,ग१क५१५८
../Datasets/images/image_24.jpg,ग१क३९२५
../Datasets/images/image_445.jpg,न५ख८७९५
../Datasets/images/image_369.jpg,न८ख५८४५
../Datasets/images/image_263.jpg,ब७७प७४६६
../Datasets/images/image_387.jpg,ब४ख१६३९
../Datasets/images/image_382.jpg,ब२ख१४१०
../Datasets/images/image_174.jpg,ब३ख२१९५
../Datasets/images/image_529.jpg,ब८च६०३७
../Datasets/images/image_410.jpg,न१क२९५८
../Datasets/images/image_50.jpg,न४ख७३३८
../Datasets/images/image_104.jpg,ब१५च११८८
../Datasets/images/image_221.jpg,न२च२३२
../Datasets/images/image_213.jpg,न३ख९०५४
../Datasets/images/image_136.jpg,बपर०२०२३प४१०१
../Datasets/images/image_522.jpg,पर३०२००२प२६५१
../Datasets/images/image_453.jpg,पर३०१०२२च५१८३
../Datasets/images/image_227.jpg,परदश३०१०५३प८५०७
../Datasets/images/image_358.jpg,ब३ख६८९
../Datasets/images/image_451.jpg,ब३ख९११३
../Datasets/images/image_374.jpg,ग१ख९६५४
../Datasets/images/image_186.jpg,ब२झ१०६८
../Datasets/images/image_514.jpg,ब१०च२५७
../Datasets/images/image_376.jpg,ब२०च१७४७
../Datasets/images/image_209.jpg,न३च२५८६
../Datasets/images/image_189.jpg,ग२च७३९१
../Datasets/images/image_391.jpg,ब५ख२८६८
../Datasets/images/image_98.jpg,ब२व१४६२
../Datasets/images/image_600.jpg,ग३च१७१०
../Datasets/images/image_283.jpg,ग१ख९४००
../Datasets/images/image_259.jpg,न१ज८८५६
../Datasets/images/image_228.jpg,न४त४५५९
../Datasets/images/image_481.jpg,ग१व३४९३
../Datasets/images/image_571.jpg,ब२ख२१९८
../Datasets/images/image_559.jpg,ब१८व२९०५
../Datasets/images/image_416.jpg,ग१ख९०७९
../Datasets/images/image_494.jpg,ग१८प६०२८
../Datasets/images/image_377.jpg,ग१३प२४४५
../Datasets/images/image_424.jpg,न५ख१५९
../Datasets/images/image_546.jpg,न४च३८
../Datasets/images/image_471.jpg,ग१ख९९७९
../Datasets/images/image_92.jpg,न५ख४८८५
../Datasets/images/image_584.jpg,ब४ख१८४
../Datasets/images/image_550.jpg,ब२ख१५४५
../Datasets/images/image_159.jpg,न६ख९५३७
../Datasets/images/image_367.jpg,ब१य११८६
../Datasets/images/image_80.jpg,ग२०प४८२८
../Datasets/images/image_170.jpg,ब३६प१८१८
../Datasets/images/image_456.jpg,न२२प३१७३
../Datasets/images/image_120.jpg,प६प२७४५
../Datasets/images/image_299.jpg,ल१ख७६६१
../Datasets/images/image_467.jpg,न५ख५४४७
../Datasets/images/image_427.jpg,ग३च४५४६
../Datasets/images/image_220.jpg,ब५ख१०७५
../Datasets/images/image_421.jpg,ग१ख६१७२
../Datasets/images/image_555.jpg,ब४ख७१६५
../Datasets/images/image_380.jpg,ग१ज६१३१
../Datasets/images/image_597.jpg,ग१ख५२४०
../Datasets/images/image_313.jpg,ग२च५६६
../Datasets/images/image_365.jpg,ल१च४८६६
../Datasets/images/image_87.jpg,ब१८प८५२
../Datasets/images/image_533.jpg,न१ज८४३९
../Datasets/images/image_285.jpg,ब७च२७१९
../Datasets/images/image_3.jpg,ग१६प१८३
../Datasets/images/image_269.jpg,ब७९प६५२०
../Datasets/images/image_272.jpg,ल३८प३५७
../Datasets/images/image_197.jpg,न७ख८९९६
../Datasets/images/image_237.jpg,ब१४७५७४
../Datasets/images/image_370.jpg,ब८२प१२५३
../Datasets/images/image_326.jpg,य१झ६३९८
../Datasets/images/image_34.jpg,ब५६प६७७०
../Datasets/images/image_575.jpg,ब१४च४२९२
../Datasets/images/image_500.jpg,ब१ज१८९८
../Datasets/images/image_260.jpg,परदश२०३००२ख१९२७
../Datasets/images/image_331.jpg,न१ज४३८२
../Datasets/images/image_595.jpg,ग५प९७६७
../Datasets/images/image_286.jpg,परदश३०३७१५७
../Datasets/images/image_591.jpg,ब३ख९७९२
../Datasets/images/image_593.jpg,ब३ख४२६०
../Datasets/images/image_44.jpg,ब६च२०९२
../Datasets/images/image_574.jpg,ब७२प५०९२
../Datasets/images/image_187.jpg,न५ख५५११
../Datasets/images/image_541.jpg,ग१ज५५४०
../Datasets/images/image_96.jpg,ग१८प२९२६
../Datasets/images/image_362.jpg,परदश३०१०२३च२४२७
../Datasets/images/image_235.jpg,न२७प१०५
../Datasets/images/image_183.jpg,न४ख३८२८
../Datasets/images/image_511.jpg,ग१५प८४२६
../Datasets/images/image_564.jpg,परदश३०१००१प१६०७
../Datasets/images/image_599.jpg,ब१६च६४९८
../Datasets/images/image_144.jpg,ब२०च३६१३
../Datasets/images/image_201.jpg,न५ख७१५२
../Datasets/images/image_363.jpg,ब९५प९४३
../Datasets/images/image_516.jpg,परदश०३००१च४
../Datasets/images/image_49.jpg,ब९१प९३३२
../Datasets/images/image_464.jpg,न३१प३१९८
../Datasets/images/image_240.jpg,ग२पर६६७६
../Datasets/images/image_301.jpg,ब७५प९१५८
../Datasets/images/image_476.jpg,न६ख१५७९
../Datasets/images/image_200.jpg,ब१५व६२६७
../Datasets/images/image_175.jpg,ब६९प२२३७
../Datasets/images/image_69.jpg,परदश२०३०१३प१६७४
../Datasets/images/image_63.jpg,न५ख६३६२
../Datasets/images/image_329.jpg,ग१झ४५९
../Datasets/images/image_553.jpg,ब१झ८८१०
../Datasets/images/image_251.jpg,ग७प४०५१
../Datasets/images/image_85.jpg,न४प३२८२
../Datasets/images/image_247.jpg,क३३प२१८३
../Datasets/images/image_115.jpg,ग१त६४४९
../Datasets/images/image_580.jpg,ब८च९८४५
../Datasets/images/image_168.jpg,न५ख१०६०
../Datasets/images/image_590.jpg,ब१८च५७१६
../Datasets/images/image_148.jpg,बगमतपरदश०३०१८प१३९८
../Datasets/images/image_19.jpg,ब२ख१९१२
../Datasets/images/image_438.jpg,ब२०च३८२०
../Datasets/images/image_106.jpg,न६ख३१८०
../Datasets/images/image_52.jpg,ब८५प९६८३
../Datasets/images/image_525.jpg,परदश३०१०२३च८०१
../Datasets/images/image_151.jpg,परदश३०१०२४च७८९१
../Datasets/images/image_268.jpg,ग१७प६१२
../Datasets/images/image_76.jpg,न५ख४२४४
../Datasets/images/image_256.jpg,ग२च९१४४
../Datasets/images/image_335.jpg,ब१ज८८४९
../Datasets/images/image_55.jpg,न३१प५४३१
../Datasets/images/image_547.jpg,न३च६७८४
../Datasets/images/image_53.jpg,ग१ख९२६८
../Datasets/images/image_527.jpg,न४ख७७७५
../Datasets/images/image_60.jpg,ग१ख२९८५
../Datasets/images/image_154.jpg,ब५ख२७८८
../Datasets/images/image_257.jpg,ग१९प९९९६
../Datasets/images/image_163.jpg,ग१२१९७०४
../Datasets/images/image_177.jpg,ग२च२०८८
../Datasets/images/image_307.jpg,ब८च६६२३
../Datasets/images/image_116.jpg,ब७५८६११३
../Datasets/images/image_199.jpg,ब११६४१६७
../Datasets/images/image_336.jpg,ग१ख६६०५
../Datasets/images/image_389.jpg,न६ख४१२
../Datasets/images/image_288.jpg,ब२ख७४९१
../Datasets/images/image_94.jpg,ग२ख५७
../Datasets/images/image_13.jpg,ग१ख२९६३
../Datasets/images/image_344.jpg,ल६५प१२७२
../Datasets/images/image_521.jpg,बप०३०२प८१०४
../Datasets/images/image_232.jpg,ल१ज३०२३
../Datasets/images/image_282.jpg,परदश००१००३क४५५४
../Datasets/images/image_353.jpg,ब३ख३०५४
../Datasets/images/image_315.jpg,परदश३०१००१य१५८३
../Datasets/images/image_394.jpg,ग१५प८२८१
../Datasets/images/image_334.jpg,न१ज६२९८
../Datasets/images/image_99.jpg,ग१ख९४००
../Datasets/images/image_318.jpg,न६३प१३८
../Datasets/images/image_164.jpg,न१४प२६४
../Datasets/images/image_517.jpg,ग१ख९४८८
../Datasets/images/image_56.jpg,ग१ख५०३८
../Datasets/images/image_577.jpg,न४च९३५८
../Datasets/images/image_184.jpg,बगमतपरदश०३००३प३६९
../Datasets/images/image_59.jpg,ग४४प१५४१
../Datasets/images/image_368.jpg,ग१य११२६
../Datasets/images/image_545.jpg,ग२४प७३६२
../Datasets/images/image_561.jpg,न६ख९३९४
../Datasets/images/image_262.jpg,ग१ख९७७७
../Datasets/images/image_270.jpg,ग१प१०४०
../Datasets/images/image_140.jpg,ब६१प५५६०
../Datasets/images/image_349.jpg,ग२ख८५३२
../Datasets/images/image_293.jpg,परदश३०२००९प३२६३
../Datasets/images/image_322.jpg,ब१०च८२५९
../Datasets/images/image_208.jpg,ब९०प३०७८
../Datasets/images/image_556.jpg,न४ख८९३०
../Datasets/images/image_542.jpg,ब६५प७०४६
../Datasets/images/image_57.jpg,न६ख५३८७
../Datasets/images/image_290.jpg,ब५७प६८३०
../Datasets/images/image_390.jpg,न५ख१०४०
../Datasets/images/image_298.jpg,ल४५प१५४९
../Datasets/images/image_22.jpg,ब२१च३६८६
../Datasets/images/image_281.jpg,न६ख९५५०
../Datasets/images/image_392.jpg,ग१६प६९९
../Datasets/images/image_462.jpg,ल२च१३००
../Datasets/images/image_446.jpg,न७ख५२४
../Datasets/images/image_275.jpg,ब२ज४७८९
../Datasets/images/image_225.jpg,ग१ख९७०८
../Datasets/images/image_236.jpg,बगमतपरदश०३११३९
../Datasets/images/image_425.jpg,ब८७प७७००
../Datasets/images/image_465.jpg,बप०३००२प९६५७
../Datasets/images/image_223.jpg,न५ख०४०२
../Datasets/images/image_112.jpg,न५८प१८७९
../Datasets/images/image_145.jpg,परदश३०१०२४च७८९२
../Datasets/images/image_105.jpg,ब१६चब१६च४३६३४३६३
../Datasets/images/image_540.jpg,ब३३प१८५
../Datasets/images/image_434.jpg,ग१ख८९०२
../Datasets/images/image_468.jpg,ब३ख१७५२
../Datasets/images/image_441.jpg,ग१५प४५४३
../Datasets/images/image_211.jpg,ग१०प७४६१
../Datasets/images/image_407.jpg,ब२ज४९४३
../Datasets/images/image_113.jpg,ब१प१३२९
../Datasets/images/image_428.jpg,ग२च७२१९
../Datasets/images/image_366.jpg,ग१ज४६२०
../Datasets/images/image_7.jpg,ग१७प१२१६
../Datasets/images/image_440.jpg,स९प१०५८
../Datasets/images/image_161.jpg,ब४ख८१५६
../Datasets/images/image_241.jpg,ब२च५२६१
../Datasets/images/image_67.jpg,ग१८प११८९
../Datasets/images/image_454.jpg,परदश३०२०१००९०३२
../Datasets/images/image_279.jpg,ब२ख६००२
../Datasets/images/image_82.jpg,ब८६प६९९०
../Datasets/images/image_111.jpg,न६ख६८०
../Datasets/images/image_419.jpg,ब१३च३१७२
../Datasets/images/image_142.jpg,न६ख३३०५
../Datasets/images/image_188.jpg,ग१च४२९२
../Datasets/images/image_549.jpg,ब४७प४९१६
../Datasets/images/image_190.jpg,ब६०प५६४८
../Datasets/images/image_364.jpg,न५ख४९४१
../Datasets/images/image_39.jpg,ब८९प५०३५
../Datasets/images/image_194.jpg,ग१ज६०७१
../Datasets/images/image_510.jpg,ब१झ९१२४
../Datasets/images/image_33.jpg,ब१६च५५१५
../Datasets/images/image_569.jpg,ग१५प६४४९
../Datasets/images/image_498.jpg,ग१२प८१३६
../Datasets/images/image_503.jpg,परदश३०१००२प६८६३
../Datasets/images/image_182.jpg,बप०३३०१७
../Datasets/images/image_179.jpg,परदश३०३९५८४
../Datasets/images/image_14.jpg,ब१५च७८३८
../Datasets/images/image_420.jpg,ब१३च३८६४
../Datasets/images/image_27.jpg,न७५प७६०३
../Datasets/images/image_36.jpg,ग१ख४४८३
../Datasets/images/image_78.jpg,बप०३००३प६३
../Datasets/images/image_42.jpg,००७प३००१
../Datasets/images/image_482.jpg,ब२क९८१३
../Datasets/images/image_352.jpg,न५ख८९७२
../Datasets/images/image_40.jpg,ब१७च२९१९
../Datasets/images/image_351.jpg,ग१३प४५५६
../Datasets/images/image_28.jpg,ब४ख१६४५
../Datasets/images/image_15.jpg,ग१क४४८४
../Datasets/images/image_185.jpg,ग१ख५८९६
../Datasets/images/image_433.jpg,ल२७प२५६५
../Datasets/images/image_404.jpg,न१झ१०४१
../Datasets/images/image_212.jpg,न३ख५४११
../Datasets/images/image_244.jpg,परदश२०३००१च२७३२
../Datasets/images/image_499.jpg,ल५१प५५९७
../Datasets/images/image_11.jpg,न३ख६७८४
../Datasets/images/image_153.jpg,ब४ख५१८२
../Datasets/images/image_395.jpg,ब४ख४२७९
../Datasets/images/image_576.jpg,ग१५प८१०६
../Datasets/images/image_354.jpg,ग१ज२४११
../Datasets/images/image_117.jpg,ग१ख४४८३
../Datasets/images/image_198.jpg,न२९प८५३७
../Datasets/images/image_509.jpg,ब२झ१४०८
../Datasets/images/image_86.jpg,न४३प४२५८
../Datasets/images/image_317.jpg,ग२च५०१४
../Datasets/images/image_54.jpg,म१च१९४२
../Datasets/images/image_321.jpg,ब७२प८७४६
../Datasets/images/image_578.jpg,परदश३०२००५प०९४२
../Datasets/images/image_23.jpg,ब३८प३८९७
../Datasets/images/image_160.jpg,ग३च६६२
../Datasets/images/image_526.jpg,परदश३०१०२२प०८३३
../Datasets/images/image_155.jpg,ग१ख९९९९
../Datasets/images/image_18.jpg,पर६९प८२८५
../Datasets/images/image_314.jpg,ग२च६६५६
../Datasets/images/image_596.jpg,ग१ख९६२९
../Datasets/images/image_58.jpg,ब६५प२०६५
../Datasets/images/image_93.jpg,ब४१प२९७१
../Datasets/images/image_359.jpg,ब८०प६१३०
../Datasets/images/image_32.jpg,न६ख९१३४
../Datasets/images/image_295.jpg,परदश२०३००१च१८३८
../Datasets/images/image_361.jpg,ग२०प३१६४
../Datasets/images/image_323.jpg,ब७२प७४१३
../Datasets/images/image_294.jpg,न५ख६३३७
../Datasets/images/image_587.jpg,व३ख४४४४
../Datasets/images/image_316.jpg,ग१ख३९१६
../Datasets/images/image_309.jpg,न१ज६४६१
../Datasets/images/image_248.jpg,बपर०२०१७३१९१
../Datasets/images/image_324.jpg,न४ख४९४२
../Datasets/images/image_492.jpg,ब२१च६०९०
../Datasets/images/image_278.jpg,न३१प८४०४
../Datasets/images/image_276.jpg,ब३ख७६१६
../Datasets/images/image_150.jpg,न३६प३०११
../Datasets/images/image_493.jpg,ब२झ४४४९
../Datasets/images/image_64.jpg,ब१५च९६८
../Datasets/images/image_146.jpg,न५९प१८७९
../Datasets/images/image_504.jpg,ग१४प३१७२
../Datasets/images/image_452.jpg,ब१०च८५३६
../Datasets/images/image_230.jpg,ग१झ४४९
../Datasets/images/image_135.jpg,ब५९प४३५६
../Datasets/images/image_538.jpg,ब१०च६७१९
../Datasets/images/image_271.jpg,ग१८प३५८६
../Datasets/images/image_412.jpg,ब२ख१९९८
../Datasets/images/image_65.jpg,बपच१६१३
../Datasets/images/image_95.jpg,न४ख१४२३
../Datasets/images/image_239.jpg,न२ख८६२२
../Datasets/images/image_371.jpg,ब८३प४५२९
../Datasets/images/image_459.jpg,न६ख७८७
../Datasets/images/image_399.jpg,ब२ख३६८२
../Datasets/images/image_551.jpg,न६ख५६६१
../Datasets/images/image_386.jpg,ग२च५४६३
